Probeset_ID,Symbol,Time,Values,JTKP,JTKQ,JTKperiod,JTKphase,Tissue
10446965,Rasgrp3,18;20;22;24;26;28;30;32;34;36;38;40;42;44;46;48;50;52;54;56;58;60;62;64,1055.3;1138.4;1036.3;1121.3;1118.8;1005.3;984.7;1004.4;854.3;849.7;870.2;917.5;974.6;1026.5;1056.7;1159.1;1081.2;1074.2;1004.7;934.9;867.5;818.0;812.7;902.9,9.4304e-10,3.35307e-06,26.0,23.0,heart
10389581,Ypel2,18;20;22;24;26;28;30;32;34;36;38;40;42;44;46;48;50;52;54;56;58;60;62;64,437.5;447.5;456.6;363.2;395.5;278.0;209.9;224.3;243.3;260.5;289.7;340.7;377.6;449.8;438.6;430.3;418.3;266.9;254.1;246.3;234.9;271.0;294.4;410.3,3.2773e-09,6.85456e-06,24.0,21.0,heart
10375402,Adam19,18;20;22;24;26;28;30;32;34;36;38;40;42;44;46;48;50;52;54;56;58;60;62;64,523.4;759.6;690.8;609.2;740.6;510.9;374.3;304.6;252.6;296.7;264.4;425.2;515.4;668.7;782.5;619.7;715.6;390.6;305.7;270.3;246.4;261.0;293.4;466.8,3.2773e-09,6.85456e-06,24.0,23.0,heart
10411459,Tmem171,18;20;22;24;26;28;30;32;34;36;38;40;42;44;46;48;50;52;54;56;58;60;62;64,424.4;428.1;457.8;454.0;421.4;360.0;242.0;165.9;193.8;185.8;260.4;307.1;382.4;443.9;413.3;421.3;380.1;275.1;251.2;170.0;168.1;132.8;278.2;398.5,1.83884e-08,2.25454e-05,24.0,22.0,heart
10556487,,18;20;22;24;26;28;30;32;34;36;38;40;42;44;46;48;50;52;54;56;58;60;62;64,75.3;141.5;155.9;119.7;89.5;72.4;57.1;49.4;49.0;49.9;54.9;61.1;84.4;112.3;113.6;125.9;95.9;61.7;54.8;46.1;58.2;50.5;76.7;73.0,1.83884e-08,2.25454e-05,24.0,22.0,heart
10556442,Tead1,18;20;22;24;26;28;30;32;34;36;38;40;42;44;46;48;50;52;54;56;58;60;62;64,1900.8;2138.5;2085.1;1978.1;1812.9;1749.0;1662.4;1716.2;1602.1;1688.0;1740.4;1752.8;1909.6;2018.1;2054.5;1889.0;1873.4;1712.3;1670.8;1648.6;1485.7;1562.2;1612.0;1732.6,1.83884e-08,2.25454e-05,25.0,21.0,heart
10556456,Tead1,18;20;22;24;26;28;30;32;34;36;38;40;42;44;46;48;50;52;54;56;58;60;62;64,2745.9;3135.3;2982.4;2790.8;2698.7;2637.9;2329.3;2531.3;2328.2;2470.8;2477.0;2580.2;2915.2;3028.5;3006.7;2943.4;2756.6;2546.8;2294.4;2422.5;2124.0;2197.8;2409.1;2602.5,5.33749e-08,4.62877e-05,25.0,21.0,heart
10389701,Akap1,18;20;22;24;26;28;30;32;34;36;38;40;42;44;46;48;50;52;54;56;58;60;62;64,1172.6;1299.2;1242.8;1352.3;1248.0;1228.5;1057.5;1108.3;947.3;1031.9;984.8;1058.9;1130.2;1403.7;1438.9;1337.0;1280.0;1175.6;1117.8;1082.4;880.2;981.7;963.5;1083.2,8.8892e-08,6.4503e-05,24.0,23.5,heart
10410465,BC018507,18;20;22;24;26;28;30;32;34;36;38;40;42;44;46;48;50;52;54;56;58;60;62;64,733.8;762.6;730.5;738.4;709.0;684.8;571.8;600.3;539.7;531.3;584.3;668.8;678.5;725.9;734.2;776.1;721.2;657.4;614.2;591.4;546.7;586.5;586.8;672.6,1.45959e-07,9.43586e-05,24.0,23.0,heart
10356084,Irs1,18;20;22;24;26;28;30;32;34;36;38;40;42;44;46;48;50;52;54;56;58;60;62;64,365.8;333.2;376.7;359.9;340.8;447.5;331.2;292.2;247.7;254.5;267.9;293.6;319.5;453.3;499.9;397.4;425.5;318.9;311.7;258.0;222.1;249.9;292.0;330.9,2.36444e-07,0.000127379,24.0,23.0,heart
10367673,Plekhg1,18;20;22;24;26;28;30;32;34;36;38;40;42;44;46;48;50;52;54;56;58;60;62;64,285.0;302.6;277.9;303.1;294.7;258.8;221.1;232.4;215.5;217.8;201.1;242.0;230.6;299.3;327.1;308.5;294.7;268.2;250.7;226.3;200.7;222.4;204.3;245.2,3.07279e-07,0.000160671,24.0,23.0,heart
10359982,Atf6,18;20;22;24;26;28;30;32;34;36;38;40;42;44;46;48;50;52;54;56;58;60;62;64,2310.8;2671.2;2290.1;2074.7;2081.6;1748.0;1741.2;1797.9;1901.7;1934.3;1965.6;2282.1;2253.1;2480.6;2336.4;2145.0;2245.6;1886.7;1756.4;1838.2;1838.7;1988.0;2158.6;2369.8,3.78114e-07,0.000165978,24.0,20.0,heart
10355998,Fam124b,18;20;22;24;26;28;30;32;34;36;38;40;42;44;46;48;50;52;54;56;58;60;62;64,66.4;89.4;94.2;97.8;92.0;60.9;57.2;52.2;48.0;46.6;55.7;59.2;68.4;87.2;89.9;83.5;85.7;53.2;62.9;42.6;57.0;49.8;58.0;62.5,3.78114e-07,0.000165978,24.0,23.0,heart
10532937,Unc119b,18;20;22;24;26;28;30;32;34;36;38;40;42;44;46;48;50;52;54;56;58;60;62;64,280.9;313.8;307.9;306.2;292.3;269.4;240.6;262.0;208.0;218.3;250.9;310.2;272.9;355.0;357.4;299.2;329.4;253.9;235.1;231.8;217.4;216.8;270.1;295.7,5.97258e-07,0.000212361,24.0,22.0,heart
10523579,Arhgap24,18;20;22;24;26;28;30;32;34;36;38;40;42;44;46;48;50;52;54;56;58;60;62;64,222.0;248.1;261.6;227.8;225.4;219.6;199.9;215.1;194.9;208.3;180.7;209.4;241.4;256.4;279.9;256.5;215.3;238.9;219.0;215.0;189.2;195.8;206.6;214.9,5.97258e-07,0.000212361,24.0,23.0,heart
10358670,Hmcn1,18;20;22;24;26;28;30;32;34;36;38;40;42;44;46;48;50;52;54;56;58;60;62;64,545.9;663.0;558.3;537.0;538.4;548.7;447.6;436.8;428.1;463.2;444.6;532.0;534.5;568.9;630.3;571.9;555.6;566.0;501.3;466.9;506.0;449.8;400.6;520.1,5.97258e-07,0.000212361,28.0,20.0,heart
10426098,Creld2,18;20;22;24;26;28;30;32;34;36;38;40;42;44;46;48;50;52;54;56;58;60;62;64,405.9;447.0;429.4;498.7;492.5;414.9;381.8;389.3;338.9;355.4;327.9;399.8;378.5;499.4;548.3;570.2;538.2;399.6;394.8;377.9;354.9;368.4;387.1;395.2,1.43906e-06,0.000409338,24.0,23.5,heart
10566767,St5,18;20;22;24;26;28;30;32;34;36;38;40;42;44;46;48;50;52;54;56;58;60;62;64,386.9;423.3;424.7;411.6;441.5;457.7;383.0;403.1;328.6;333.8;316.3;369.1;370.9;477.1;528.6;479.8;406.3;388.4;341.8;333.9;305.8;314.3;362.7;363.3,1.43906e-06,0.000409338,24.0,23.5,heart
10443463,Cdkn1a,18;20;22;24;26;28;30;32;34;36;38;40;42;44;46;48;50;52;54;56;58;60;62;64,323.6;878.9;728.3;486.1;571.1;307.7;491.7;255.0;254.7;249.2;264.2;304.2;351.9;580.8;600.4;451.8;564.2;250.6;238.7;224.9;204.4;271.3;305.4;314.5,1.43906e-06,0.000409338,24.0,22.0,heart
10565288,Fam108c,18;20;22;24;26;28;30;32;34;36;38;40;42;44;46;48;50;52;54;56;58;60;62;64,744.2;766.6;739.5;770.9;744.8;731.2;698.7;674.8;666.4;684.9;624.4;726.2;778.2;773.9;760.2;809.8;734.8;729.9;672.2;679.9;654.1;613.8;667.3;703.6,2.19722e-06,0.000562047,24.0,23.0,heart
10509777,Iffo2,18;20;22;24;26;28;30;32;34;36;38;40;42;44;46;48;50;52;54;56;58;60;62;64,117.2;121.3;113.0;118.6;119.2;115.1;114.9;94.5;95.6;106.2;108.1;117.4;122.3;119.5;128.0;122.8;113.5;108.2;101.0;103.9;93.2;106.2;108.3;110.4,2.75866e-06,0.000685922,24.0,22.0,heart
10342021,,18;20;22;24;26;28;30;32;34;36;38;40;42;44;46;48;50;52;54;56;58;60;62;64,932.6;932.3;817.9;808.2;785.1;772.1;678.9;682.7;737.2;804.3;792.4;850.2;821.1;1102.6;1073.9;817.6;798.4;777.1;719.8;829.1;747.9;691.3;717.1;784.3,3.32009e-06,0.000761607,28.0,21.0,heart
10388488,Fam101b,18;20;22;24;26;28;30;32;34;36;38;40;42;44;46;48;50;52;54;56;58;60;62;64,660.9;615.6;673.8;640.2;667.1;642.1;520.7;532.4;409.4;439.3;502.8;547.1;633.3;818.7;771.6;717.6;718.9;507.4;495.1;539.9;430.0;429.9;489.3;561.6,3.32009e-06,0.000761607,24.0,23.0,heart
10533945,Ubc,18;20;22;24;26;28;30;32;34;36;38;40;42;44;46;48;50;52;54;56;58;60;62;64,12873.1;12254.9;12875.8;12232.0;13041.9;12205.7;11161.7;10801.0;11209.0;11212.1;11985.2;12324.8;12747.0;14364.0;13779.8;12193.9;12427.7;11601.9;11088.5;9595.0;11382.0;10791.2;11676.1;12652.8,3.32009e-06,0.000761607,24.0,21.0,heart
10478754,Arfgef2,18;20;22;24;26;28;30;32;34;36;38;40;42;44;46;48;50;52;54;56;58;60;62;64,744.4;772.4;682.3;731.7;670.0;663.5;596.6;674.0;601.8;648.7;638.6;723.7;724.3;789.4;828.6;744.3;688.0;642.5;652.7;635.5;614.4;647.1;649.8;710.9,4.96685e-06,0.00101495,26.0,20.0,heart
10519497,Steap4,18;20;22;24;26;28;30;32;34;36;38;40;42;44;46;48;50;52;54;56;58;60;62;64,708.4;853.3;768.1;856.2;748.4;645.4;627.5;607.9;582.3;545.8;587.2;731.8;712.3;767.5;854.3;789.6;817.5;773.9;666.0;626.9;609.8;561.9;717.2;761.3,4.96685e-06,0.00101495,24.0,23.5,heart
10471018,Fam73b,18;20;22;24;26;28;30;32;34;36;38;40;42;44;46;48;50;52;54;56;58;60;62;64,510.0;460.3;509.4;532.3;452.9;455.4;430.9;401.5;409.0;384.2;460.3;471.6;461.9;552.7;607.2;490.6;444.4;382.8;380.1;375.1;387.0;396.7;490.5;513.2,6.16306e-06,0.00122421,22.0,23.0,heart
10595856,Slc25a36,18;20;22;24;26;28;30;32;34;36;38;40;42;44;46;48;50;52;54;56;58;60;62;64,964.2;1059.5;893.1;1040.5;859.2;840.4;854.0;801.0;784.0;760.1;893.1;913.9;966.2;980.9;1032.7;1052.5;1065.5;893.0;844.4;774.5;734.7;752.1;862.3;873.7,6.16306e-06,0.00122421,26.0,20.0,heart
10556082,Ppfibp2,18;20;22;24;26;28;30;32;34;36;38;40;42;44;46;48;50;52;54;56;58;60;62;64,469.1;495.2;511.6;440.4;505.0;469.9;402.8;377.0;356.4;343.2;374.4;408.8;425.7;508.6;557.4;478.1;448.7;514.8;446.6;348.1;356.4;376.0;387.6;442.5,6.16306e-06,0.00122421,24.0,23.0,heart
10590918,Amotl1,18;20;22;24;26;28;30;32;34;36;38;40;42;44;46;48;50;52;54;56;58;60;62;64,483.9;502.1;551.0;527.4;513.6;495.3;470.5;475.9;455.3;483.1;476.9;506.1;480.4;582.2;655.1;534.2;508.6;474.6;423.9;457.0;477.9;480.8;487.9;513.6,6.16306e-06,0.00122421,22.0,23.5,heart
10451198,Vegfa,18;20;22;24;26;28;30;32;34;36;38;40;42;44;46;48;50;52;54;56;58;60;62;64,2618.8;2597.8;2539.6;2503.7;2505.3;2123.9;2112.8;2207.2;2008.5;2095.8;2199.8;2451.5;2510.7;2612.4;2758.7;2497.5;2609.9;1942.1;1995.4;1940.8;2004.3;2077.0;2241.4;2501.0,7.35927e-06,0.00130833,24.0,21.0,heart
10466779,Pip5k1b,18;20;22;24;26;28;30;32;34;36;38;40;42;44;46;48;50;52;54;56;58;60;62;64,786.3;760.3;663.9;770.0;800.8;699.4;679.5;637.9;563.6;594.9;583.4;687.4;684.7;835.4;821.8;808.0;745.8;707.1;640.4;574.4;578.9;566.8;545.0;618.4,7.35927e-06,0.00130833,26.0,21.0,heart
10465638,Naa40,18;20;22;24;26;28;30;32;34;36;38;40;42;44;46;48;50;52;54;56;58;60;62;64,358.5;350.5;316.2;338.5;325.2;311.7;296.9;322.2;263.1;295.7;297.5;338.2;322.2;347.1;394.2;355.3;345.3;337.1;301.8;299.5;269.2;285.2;318.7;324.0,9.0814e-06,0.00158283,26.0,21.0,heart
10457733,B4galt6,18;20;22;24;26;28;30;32;34;36;38;40;42;44;46;48;50;52;54;56;58;60;62;64,438.9;517.1;464.4;478.0;472.5;439.7;403.5;398.1;363.8;402.7;385.0;431.8;393.1;460.4;538.1;501.6;461.6;494.4;406.8;394.8;365.0;383.9;376.5;439.8,1.08035e-05,0.00168478,26.0,21.0,heart
10491136,Tnik,18;20;22;24;26;28;30;32;34;36;38;40;42;44;46;48;50;52;54;56;58;60;62;64,500.8;490.0;467.3;432.2;459.9;430.2;371.6;387.2;349.6;393.4;432.0;469.3;448.2;416.5;473.7;462.7;451.0;416.7;386.5;370.5;384.8;414.4;445.2;452.9,1.08035e-05,0.00168478,24.0,21.0,heart
10355893,Epha4,18;20;22;24;26;28;30;32;34;36;38;40;42;44;46;48;50;52;54;56;58;60;62;64,690.2;867.3;856.5;762.8;840.3;852.6;733.9;646.3;541.5;561.0;496.1;644.4;598.0;898.5;994.0;863.5;843.1;790.1;704.1;592.0;550.2;505.2;458.2;612.0,1.08035e-05,0.00168478,26.0,23.0,heart
10541301,Tuba8,18;20;22;24;26;28;30;32;34;36;38;40;42;44;46;48;50;52;54;56;58;60;62;64,3029.9;3115.6;3266.4;2968.2;2856.4;3001.1;2453.9;2328.6;2209.0;2722.2;2659.9;2864.5;3075.9;3065.2;3523.7;2756.2;2800.7;2077.8;2063.1;2080.3;2392.3;2093.5;2562.2;2769.6,1.08035e-05,0.00168478,24.0,21.0,heart
10507851,Pabpc4,18;20;22;24;26;28;30;32;34;36;38;40;42;44;46;48;50;52;54;56;58;60;62;64,2265.0;2219.6;2155.9;2184.3;2075.7;2048.4;1971.6;2001.2;1973.5;2118.6;1992.1;2053.2;2125.0;2171.5;2297.1;2293.9;2197.2;2021.2;2038.5;1968.1;2004.1;1990.6;1994.4;1996.7,1.08035e-05,0.00168478,26.0,21.0,heart
10596675,BY080835,18;20;22;24;26;28;30;32;34;36;38;40;42;44;46;48;50;52;54;56;58;60;62;64,396.3;364.2;336.4;357.1;354.2;315.7;305.1;295.4;295.7;323.5;321.3;320.4;375.2;381.7;398.4;366.6;349.2;312.3;294.9;315.4;302.5;300.4;333.4;386.3,1.08035e-05,0.00168478,24.0,21.0,heart
10371959,Elk3,18;20;22;24;26;28;30;32;34;36;38;40;42;44;46;48;50;52;54;56;58;60;62;64,709.8;754.9;710.8;728.7;729.8;697.8;564.6;643.1;507.2;573.2;583.3;593.9;654.6;760.6;685.4;797.2;733.9;629.0;631.2;596.4;540.5;518.3;587.8;610.9,1.08035e-05,0.00168478,26.0,22.0,heart
10542791,Ppfibp1,18;20;22;24;26;28;30;32;34;36;38;40;42;44;46;48;50;52;54;56;58;60;62;64,694.3;802.5;704.1;622.9;692.8;607.0;621.9;623.7;569.5;594.0;604.3;616.2;634.6;669.5;749.1;709.1;687.9;670.8;647.6;640.1;629.1;583.4;607.0;656.5,1.32612e-05,0.00202367,28.0,20.0,heart
10343572,,18;20;22;24;26;28;30;32;34;36;38;40;42;44;46;48;50;52;54;56;58;60;62;64,6157.3;6451.3;5749.3;5642.3;5768.1;5665.0;5106.7;5157.9;5081.3;5508.2;5497.5;5774.1;6976.9;6458.9;6238.0;6328.6;6051.5;5981.8;5716.3;5647.0;5722.3;5364.7;5102.1;4765.0,1.57188e-05,0.00220039,28.0,20.0,heart
10399478,Lpin1,18;20;22;24;26;28;30;32;34;36;38;40;42;44;46;48;50;52;54;56;58;60;62;64,2057.8;2139.5;2159.2;2073.1;2025.5;2053.8;1864.4;1898.3;1724.7;1957.9;1927.4;2056.6;2048.1;2411.6;2328.6;2022.1;2248.7;1884.9;1761.7;1684.8;1821.1;1772.7;1837.6;1908.8,1.57188e-05,0.00220039,24.0,22.0,heart
10380823,Lasp1,18;20;22;24;26;28;30;32;34;36;38;40;42;44;46;48;50;52;54;56;58;60;62;64,596.2;588.8;558.4;594.0;512.4;538.9;515.7;504.3;465.1;500.5;546.4;548.1;545.3;611.4;729.2;634.3;572.4;520.4;507.0;489.8;452.6;493.7;575.0;603.9,1.57188e-05,0.00220039,24.0,22.0,heart
10372891,Srgap1,18;20;22;24;26;28;30;32;34;36;38;40;42;44;46;48;50;52;54;56;58;60;62;64,130.6;142.9;138.6;144.3;132.4;133.9;127.5;150.0;110.3;110.4;123.6;136.6;138.2;140.1;157.8;165.5;153.1;126.2;123.8;124.9;106.1;121.9;126.0;134.7,1.57188e-05,0.00220039,24.0,23.0,heart
10525313,Atxn2,18;20;22;24;26;28;30;32;34;36;38;40;42;44;46;48;50;52;54;56;58;60;62;64,1323.3;1301.9;1318.6;1362.0;1208.9;1192.7;1103.8;1189.2;1061.5;1097.0;1186.8;1285.8;1310.0;1292.9;1313.5;1278.9;1221.4;1091.1;1060.6;1118.6;1071.3;1084.8;1143.0;1257.8,1.57188e-05,0.00220039,24.0,22.0,heart
10383717,Inpp5j,18;20;22;24;26;28;30;32;34;36;38;40;42;44;46;48;50;52;54;56;58;60;62;64,525.0;488.4;560.0;512.3;446.7;408.3;407.0;422.2;387.4;411.7;434.1;517.2;496.4;544.5;552.2;475.8;438.5;303.9;331.3;392.4;349.5;360.9;446.7;531.1,1.91966e-05,0.00262521,22.0,22.5,heart
10474181,Abtb2,18;20;22;24;26;28;30;32;34;36;38;40;42;44;46;48;50;52;54;56;58;60;62;64,449.1;402.0;389.3;358.5;389.3;321.9;334.2;353.9;302.4;293.5;364.8;415.4;401.2;492.4;501.6;373.1;379.3;331.0;310.0;296.3;316.7;318.5;359.0;437.4,1.91966e-05,0.00262521,24.0,21.0,heart
10421917,Pabpc4,18;20;22;24;26;28;30;32;34;36;38;40;42;44;46;48;50;52;54;56;58;60;62;64,2510.9;2511.4;2452.4;2405.4;2327.0;2282.5;2223.7;2229.9;2176.6;2344.3;2221.1;2287.4;2391.3;2442.7;2547.9;2553.3;2452.0;2194.6;2251.8;2172.7;2221.1;2202.1;2227.9;2180.8,1.91966e-05,0.00262521,26.0,21.0,heart
10498273,Tm4sf1,18;20;22;24;26;28;30;32;34;36;38;40;42;44;46;48;50;52;54;56;58;60;62;64,1835.6;1984.2;1836.8;1956.0;1935.2;1951.4;1731.8;1648.0;1591.9;1703.9;1661.5;1786.9;1746.1;1908.7;2019.5;1961.7;1931.9;1922.6;1891.7;1667.3;1699.0;1509.8;1810.4;1816.7,2.26744e-05,0.00278966,25.0,23.0,heart
10357191,Ptpn4,18;20;22;24;26;28;30;32;34;36;38;40;42;44;46;48;50;52;54;56;58;60;62;64,480.4;535.1;478.4;493.0;475.2;436.7;358.1;376.4;355.0;351.7;340.5;444.9;426.9;464.2;542.1;491.6;510.7;568.6;411.5;413.9;397.9;369.9;349.0;431.6,2.26744e-05,0.00278966,28.0,20.5,heart
10384725,Rel,18;20;22;24;26;28;30;32;34;36;38;40;42;44;46;48;50;52;54;56;58;60;62;64,909.2;921.6;867.2;939.8;851.4;802.9;613.0;632.7;613.3;633.8;888.7;898.3;894.2;940.9;929.1;1080.4;807.7;676.7;605.1;566.0;676.8;742.4;947.4;937.4,2.26744e-05,0.00278966,22.0,23.0,heart
10364030,Adora2a,18;20;22;24;26;28;30;32;34;36;38;40;42;44;46;48;50;52;54;56;58;60;62;64,234.1;237.6;256.2;226.0;231.5;232.6;204.8;207.3;216.3;211.2;236.1;219.2;232.0;255.5;283.1;247.6;228.6;223.7;218.0;224.2;190.8;217.0;221.2;230.9,2.26744e-05,0.00278966,25.0,21.0,heart
10410460,Ube2ql1,18;20;22;24;26;28;30;32;34;36;38;40;42;44;46;48;50;52;54;56;58;60;62;64,460.4;474.9;486.0;449.4;456.5;413.3;367.4;387.5;364.3;360.4;353.1;407.8;437.5;440.5;409.0;487.7;463.0;382.6;397.7;369.5;332.9;363.7;392.7;451.2,2.26744e-05,0.00278966,24.0,23.0,heart
10400304,Egln3,18;20;22;24;26;28;30;32;34;36;38;40;42;44;46;48;50;52;54;56;58;60;62;64,1810.0;1882.8;1711.9;1761.9;1480.7;1447.1;1374.7;1435.7;1192.9;1318.8;1456.9;1601.8;1812.3;1814.0;1836.4;2029.2;1973.5;1189.9;956.2;1332.6;1115.0;1242.3;1553.2;1499.8,3.24373e-05,0.00351628,26.0,20.0,heart
10424221,Wdr67,18;20;22;24;26;28;30;32;34;36;38;40;42;44;46;48;50;52;54;56;58;60;62;64,214.1;206.8;224.3;218.7;211.3;193.9;189.2;188.4;169.9;200.5;186.4;208.9;218.8;205.6;225.4;234.0;218.5;206.5;208.3;199.8;178.9;189.5;167.0;194.3,3.24373e-05,0.00351628,26.0,22.0,heart
10360227,Pea15a,18;20;22;24;26;28;30;32;34;36;38;40;42;44;46;48;50;52;54;56;58;60;62;64,781.6;759.6;780.6;784.6;740.1;720.2;715.0;803.4;682.9;645.9;702.8;724.7;738.4;939.3;893.2;828.3;806.3;709.8;705.2;696.0;697.6;637.8;660.6;728.9,3.24373e-05,0.00351628,24.0,23.0,heart
10358533,Hmcn1,18;20;22;24;26;28;30;32;34;36;38;40;42;44;46;48;50;52;54;56;58;60;62;64,922.1;1162.4;1167.0;1043.2;946.0;1160.1;960.2;931.9;782.5;771.7;809.9;837.5;869.0;959.4;1163.8;1095.2;916.6;1122.9;861.0;812.7;847.5;860.1;666.8;810.1,3.24373e-05,0.00351628,26.0,23.0,heart
10357535,Pfkfb2,18;20;22;24;26;28;30;32;34;36;38;40;42;44;46;48;50;52;54;56;58;60;62;64,1940.8;2367.4;1993.2;1685.3;2039.7;1538.2;1375.6;1411.5;1303.0;1515.9;1421.0;1803.9;1836.9;2227.1;2399.6;1787.0;1911.3;1442.1;1295.9;1178.7;1464.1;1296.5;1343.5;1565.9,3.24373e-05,0.00351628,24.6667,21.0,heart
10428912,Fam84b,18;20;22;24;26;28;30;32;34;36;38;40;42;44;46;48;50;52;54;56;58;60;62;64,109.9;89.8;104.8;103.6;93.5;100.2;83.5;83.5;82.8;77.5;91.0;88.3;94.0;95.6;95.0;108.4;96.1;92.9;91.2;92.0;83.2;80.9;86.8;93.4,3.9235e-05,0.0041643,26.0,22.0,heart
10544660,Osbpl3,18;20;22;24;26;28;30;32;34;36;38;40;42;44;46;48;50;52;54;56;58;60;62;64,367.9;377.8;361.8;353.2;360.3;342.6;337.8;334.0;314.9;329.4;322.8;345.7;337.1;369.8;403.9;349.0;339.0;340.5;353.2;322.2;312.7;317.8;293.2;355.1,3.9235e-05,0.0041643,26.0,21.0,heart
10451363,Srf,18;20;22;24;26;28;30;32;34;36;38;40;42;44;46;48;50;52;54;56;58;60;62;64,890.0;867.7;899.7;919.7;844.5;780.3;838.1;828.3;753.7;802.1;826.4;913.6;888.2;1054.3;1029.2;961.7;866.5;781.6;696.5;759.0;819.1;766.7;861.6;883.1,4.60327e-05,0.0045465,22.0,23.0,heart
10369295,Anapc16,18;20;22;24;26;28;30;32;34;36;38;40;42;44;46;48;50;52;54;56;58;60;62;64,1069.4;1100.0;987.1;953.5;995.8;920.2;865.8;891.0;864.0;945.0;987.4;977.5;1043.3;1098.1;1143.8;1091.4;903.9;884.6;899.7;913.0;899.6;994.9;1024.9;1049.2,4.60327e-05,0.0045465,24.0,20.0,heart
10368935,Qrsl1,18;20;22;24;26;28;30;32;34;36;38;40;42;44;46;48;50;52;54;56;58;60;62;64,412.5;418.5;357.9;379.5;352.7;351.2;332.2;348.3;294.0;332.2;323.1;351.0;381.8;428.3;430.4;427.1;393.1;336.9;313.5;323.4;334.4;335.4;297.2;363.7,5.54271e-05,0.00534083,24.0,22.0,heart
10586993,Pygo1,18;20;22;24;26;28;30;32;34;36;38;40;42;44;46;48;50;52;54;56;58;60;62;64,348.2;372.9;336.1;298.4;310.4;285.0;297.9;281.4;265.0;291.3;297.2;315.2;320.9;323.1;314.3;304.5;315.1;303.2;295.9;270.2;288.4;315.4;310.5;348.2,5.54271e-05,0.00534083,24.0,20.0,heart
10527538,Rasl11a,18;20;22;24;26;28;30;32;34;36;38;40;42;44;46;48;50;52;54;56;58;60;62;64,125.6;132.6;144.0;123.5;110.7;119.3;117.8;104.2;107.0;110.2;102.0;121.7;130.4;135.6;115.7;123.8;119.7;107.8;104.7;100.5;96.7;98.1;126.6;115.9,6.48215e-05,0.00574761,24.0,21.0,heart
10598107,Taf1a,18;20;22;24;26;28;30;32;34;36;38;40;42;44;46;48;50;52;54;56;58;60;62;64,693.2;715.2;648.2;684.7;628.9;585.9;544.1;590.0;586.5;556.8;575.7;662.6;644.9;699.0;675.2;750.5;688.3;668.0;654.8;625.3;647.1;632.3;511.4;577.6,6.48215e-05,0.00574761,28.0,20.5,heart
10510260,Nppb,18;20;22;24;26;28;30;32;34;36;38;40;42;44;46;48;50;52;54;56;58;60;62;64,3997.2;3833.0;3238.0;4422.9;3647.7;2907.5;2605.4;3091.9;2060.1;2222.2;2826.6;3158.8;3269.1;4167.5;3955.8;4675.1;5018.6;2337.7;2510.5;2250.4;2110.8;2007.2;2783.3;3066.5,6.48215e-05,0.00574761,24.0,23.0,heart
10431300,Alg12,18;20;22;24;26;28;30;32;34;36;38;40;42;44;46;48;50;52;54;56;58;60;62;64,344.1;351.5;341.4;347.8;318.5;305.0;276.6;298.6;267.4;279.1;263.6;302.3;316.2;324.9;320.5;337.0;367.9;269.5;293.3;301.8;279.6;282.1;262.7;294.2,6.48215e-05,0.00574761,28.0,21.0,heart
10410641,Lrrc14b,18;20;22;24;26;28;30;32;34;36;38;40;42;44;46;48;50;52;54;56;58;60;62;64,1172.2;1035.9;1065.5;1061.8;1082.0;968.0;858.2;942.4;927.0;1060.7;1098.2;1238.4;1208.3;1369.2;1213.9;1207.7;1036.8;940.3;869.8;945.0;927.8;922.7;1006.4;1196.6,6.48215e-05,0.00574761,28.0,20.0,heart
10394593,Fam49a,18;20;22;24;26;28;30;32;34;36;38;40;42;44;46;48;50;52;54;56;58;60;62;64,283.0;290.9;263.1;276.4;298.9;290.5;244.2;229.6;215.2;236.7;221.1;280.8;257.5;292.6;331.0;309.8;320.2;281.2;242.8;257.6;233.6;239.0;218.5;250.0,6.48215e-05,0.00574761,28.0,20.0,heart
10563350,Fut2,18;20;22;24;26;28;30;32;34;36;38;40;42;44;46;48;50;52;54;56;58;60;62;64,81.3;85.9;102.9;96.0;86.0;71.2;84.2;81.2;72.8;74.4;80.3;84.1;88.0;86.8;89.4;102.7;99.7;78.8;76.8;78.2;73.1;65.2;81.0;82.7,6.48215e-05,0.00574761,24.0,23.0,heart
10597648,Myd88,18;20;22;24;26;28;30;32;34;36;38;40;42;44;46;48;50;52;54;56;58;60;62;64,316.4;295.9;309.0;289.8;328.1;286.1;282.1;283.4;259.6;248.6;248.4;276.6;266.6;299.2;318.6;331.7;281.9;299.0;286.1;294.2;275.0;273.6;255.9;270.5,7.77089e-05,0.00680546,26.0,23.0,heart
10579744,Large,18;20;22;24;26;28;30;32;34;36;38;40;42;44;46;48;50;52;54;56;58;60;62;64,1436.4;1484.5;1372.4;1406.7;1325.4;1292.2;1343.0;1390.0;1369.8;1439.8;1366.9;1446.5;1468.4;1583.6;1696.3;1540.0;1461.4;1415.7;1371.7;1283.8;1261.1;1325.7;1326.0;1390.1,9.05964e-05,0.00725506,28.0,21.0,heart
10589929,Cmtm6,18;20;22;24;26;28;30;32;34;36;38;40;42;44;46;48;50;52;54;56;58;60;62;64,587.2;640.6;581.4;603.0;611.0;557.6;457.2;506.3;447.7;477.0;486.8;557.2;573.7;590.7;625.7;698.1;628.0;529.7;485.3;505.6;472.4;464.4;565.0;619.2,9.05964e-05,0.00725506,24.0,23.0,heart
10556962,Vwa3a,18;20;22;24;26;28;30;32;34;36;38;40;42;44;46;48;50;52;54;56;58;60;62;64,187.3;226.2;204.7;210.1;198.0;172.4;176.2;167.6;170.8;155.3;145.1;171.3;174.5;225.2;217.9;210.9;202.3;198.3;171.7;184.5;131.8;180.9;160.3;197.9,9.05964e-05,0.00725506,24.0,23.0,heart
10472589,Phospho2,18;20;22;24;26;28;30;32;34;36;38;40;42;44;46;48;50;52;54;56;58;60;62;64,545.9;489.8;399.7;461.0;402.0;339.3;332.3;394.1;344.7;397.6;439.2;486.2;553.4;479.6;530.7;563.6;472.8;447.3;307.4;413.8;391.8;433.7;427.5;449.3,9.05964e-05,0.00725506,28.0,20.0,heart
10451943,Plin5,18;20;22;24;26;28;30;32;34;36;38;40;42;44;46;48;50;52;54;56;58;60;62;64,560.6;536.0;636.0;571.6;570.6;525.3;532.2;526.4;503.7;528.1;525.9;568.2;528.0;722.0;777.0;568.7;549.5;513.6;513.7;531.2;476.3;553.0;553.2;583.9,9.05964e-05,0.00725506,22.0,23.0,heart
10534694,Srrt,18;20;22;24;26;28;30;32;34;36;38;40;42;44;46;48;50;52;54;56;58;60;62;64,334.2;369.1;383.5;371.8;344.6;320.2;297.3;345.3;289.4;313.8;322.6;327.8;343.4;378.3;372.2;398.2;332.4;307.7;372.8;298.5;298.7;316.9;306.4;331.9,9.05964e-05,0.00725506,24.0,22.0,heart
10409278,Nfil3,18;20;22;24;26;28;30;32;34;36;38;40;42;44;46;48;50;52;54;56;58;60;62;64,255.8;323.3;286.0;331.1;242.7;132.1;114.3;126.1;137.1;140.0;170.5;197.4;256.8;326.7;322.9;341.3;322.7;114.2;106.7;139.2;129.1;156.2;208.6;298.8,9.05964e-05,0.00725506,24.0,21.0,heart
10501661,Srsf3,18;20;22;24;26;28;30;32;34;36;38;40;42;44;46;48;50;52;54;56;58;60;62;64,2453.1;2809.1;2550.7;2588.6;2331.2;2264.0;2063.1;2199.7;1957.5;2043.6;2142.0;2329.6;2687.4;2331.1;2320.1;2719.4;2417.8;2340.6;2197.8;2268.3;2263.5;2123.1;2307.9;2234.7,9.05964e-05,0.00725506,28.0,20.0,heart
10358595,Hmcn1,18;20;22;24;26;28;30;32;34;36;38;40;42;44;46;48;50;52;54;56;58;60;62;64,470.7;520.7;565.7;535.4;499.2;564.0;481.8;428.4;430.3;412.8;435.2;456.7;481.7;536.7;586.8;507.6;467.4;503.9;530.7;335.6;427.0;429.5;402.7;455.8,9.05964e-05,0.00725506,24.0,23.5,heart
10368970,Prdm1,18;20;22;24;26;28;30;32;34;36;38;40;42;44;46;48;50;52;54;56;58;60;62;64,108.6;123.4;115.2;141.1;123.9;105.6;103.7;104.8;78.7;83.9;85.6;103.7;112.4;100.8;99.8;116.5;125.9;126.9;108.5;97.7;96.8;83.5;98.4;91.1,0.00010815,0.00846999,27.0,23.5,heart
10552740,Nup62,18;20;22;24;26;28;30;32;34;36;38;40;42;44;46;48;50;52;54;56;58;60;62;64,512.4;489.8;522.1;532.0;433.6;422.4;360.7;375.6;334.3;348.4;470.2;515.3;463.7;530.7;528.7;564.3;488.9;356.6;343.7;345.6;369.5;343.7;466.0;564.0,0.00010815,0.00846999,22.0,23.0,heart
10361509,Syne1,18;20;22;24;26;28;30;32;34;36;38;40;42;44;46;48;50;52;54;56;58;60;62;64,556.9;589.1;545.0;545.0;547.8;540.3;466.7;495.1;484.1;501.0;486.8;559.7;522.8;613.3;633.4;569.3;557.9;537.5;535.4;498.5;479.6;498.6;482.4;587.9,0.00010815,0.00846999,26.0,20.0,heart
10471036,Dolpp1,18;20;22;24;26;28;30;32;34;36;38;40;42;44;46;48;50;52;54;56;58;60;62;64,238.5;233.4;256.8;251.6;231.0;233.5;205.4;209.5;224.6;200.5;230.4;225.0;246.9;269.0;246.7;253.7;230.6;231.0;232.1;228.3;196.2;206.0;227.5;252.9,0.00010815,0.00846999,24.0,22.5,heart
10358666,Hmcn1,18;20;22;24;26;28;30;32;34;36;38;40;42;44;46;48;50;52;54;56;58;60;62;64,702.5;947.7;680.7;663.5;737.3;746.9;577.0;636.4;527.2;648.5;585.5;667.2;731.0;760.1;771.6;735.6;730.0;694.1;676.1;540.5;572.1;597.6;576.0;677.0,0.000125703,0.00906594,26.0,20.0,heart
10502510,Lmo4,18;20;22;24;26;28;30;32;34;36;38;40;42;44;46;48;50;52;54;56;58;60;62;64,505.9;517.1;499.5;467.9;447.4;480.6;422.4;436.6;455.4;437.7;483.2;559.4;468.5;549.0;544.9;503.4;480.7;474.2;392.3;445.4;413.8;395.9;486.8;490.0,0.000125703,0.00906594,28.0,21.0,heart
10441864,Mllt4,18;20;22;24;26;28;30;32;34;36;38;40;42;44;46;48;50;52;54;56;58;60;62;64,697.8;679.1;650.4;717.9;672.9;687.5;601.5;637.0;604.1;598.6;642.1;657.2;696.7;714.1;756.3;786.7;699.5;744.0;679.7;633.1;623.2;629.2;625.4;661.8,0.000125703,0.00906594,26.0,22.0,heart
10546370,Grip2,18;20;22;24;26;28;30;32;34;36;38;40;42;44;46;48;50;52;54;56;58;60;62;64,292.0;236.3;217.3;272.6;221.6;213.3;196.5;195.4;158.5;203.5;217.3;205.0;222.2;252.1;241.3;299.1;222.1;183.1;194.9;196.3;181.3;181.1;194.5;248.7,0.000149447,0.0106275,26.0,21.0,heart
10490894,E2f5,18;20;22;24;26;28;30;32;34;36;38;40;42;44;46;48;50;52;54;56;58;60;62;64,128.6;133.2;119.9;131.1;125.5;119.8;113.1;110.8;105.0;109.9;119.7;120.0;118.6;113.8;127.2;139.4;120.2;139.2;114.4;119.6;112.2;119.4;111.2;100.5,0.000173191,0.0115318,28.0,21.0,heart
10396278,Daam1,18;20;22;24;26;28;30;32;34;36;38;40;42;44;46;48;50;52;54;56;58;60;62;64,1128.6;1210.4;1190.0;1123.5;1116.4;1057.5;929.2;968.5;921.9;1054.4;1058.4;1215.6;1152.5;1079.7;1221.5;1108.4;1167.5;950.2;943.2;981.3;954.9;974.5;1062.7;1207.2,0.000173191,0.0115318,24.0,21.0,heart
10578757,Fbxo8,18;20;22;24;26;28;30;32;34;36;38;40;42;44;46;48;50;52;54;56;58;60;62;64,193.7;202.7;178.8;172.6;184.5;181.0;169.0;166.7;161.2;169.5;181.5;175.2;201.7;190.9;198.9;182.0;183.6;132.4;147.6;157.9;130.6;135.5;170.9;188.6,0.000173191,0.0115318,25.0,20.5,heart
10354389,Slc39a10,18;20;22;24;26;28;30;32;34;36;38;40;42;44;46;48;50;52;54;56;58;60;62;64,251.1;251.7;200.9;232.8;196.4;181.9;171.5;198.1;171.4;197.0;221.1;236.3;217.2;249.5;271.4;262.7;235.9;192.7;188.7;185.6;179.9;197.4;220.5;218.1,0.000173191,0.0115318,28.0,20.0,heart
10594221,Lrrc49,18;20;22;24;26;28;30;32;34;36;38;40;42;44;46;48;50;52;54;56;58;60;62;64,259.5;265.5;259.5;266.6;246.7;243.8;255.9;243.7;228.1;229.9;237.1;264.9;264.0;278.5;287.4;262.5;281.5;242.8;253.7;236.6;243.2;248.9;250.4;251.5,0.000205092,0.0134049,24.0,22.0,heart
10526133,Rabgef1,18;20;22;24;26;28;30;32;34;36;38;40;42;44;46;48;50;52;54;56;58;60;62;64,270.3;302.0;257.4;263.6;252.3;243.6;230.4;253.3;249.8;247.8;257.6;267.1;274.9;292.9;349.9;291.9;270.3;267.2;243.0;235.6;248.4;263.8;264.7;279.0,0.000205092,0.0134049,28.0,20.0,heart
10478778,Arfgef2,18;20;22;24;26;28;30;32;34;36;38;40;42;44;46;48;50;52;54;56;58;60;62;64,922.2;997.7;942.4;1016.3;912.0;903.5;838.3;880.5;822.7;883.1;889.0;963.7;868.7;1026.8;1047.4;961.8;918.9;835.4;842.1;843.9;771.7;793.8;859.8;1041.6,0.000236994,0.0143309,24.0,22.0,heart
10589913,Dync1li1,18;20;22;24;26;28;30;32;34;36;38;40;42;44;46;48;50;52;54;56;58;60;62;64,1893.1;2043.1;1935.1;2010.4;1937.5;1845.3;1694.4;1790.2;1794.4;1595.7;1799.5;1794.2;1702.3;1893.9;2051.8;1978.6;1974.6;1895.1;1961.4;1784.9;1852.8;1784.7;1688.2;1858.0,0.000236994,0.0143309,26.0,23.0,heart
10449266,Itfg3,18;20;22;24;26;28;30;32;34;36;38;40;42;44;46;48;50;52;54;56;58;60;62;64,973.4;995.4;1037.6;1012.9;930.3;957.1;909.8;952.5;900.9;934.0;901.5;1012.2;944.8;1186.0;1186.8;972.7;948.4;926.8;846.9;913.4;916.0;930.4;971.3;964.8,0.000236994,0.0143309,22.0,23.0,heart
10531133,Grsf1,18;20;22;24;26;28;30;32;34;36;38;40;42;44;46;48;50;52;54;56;58;60;62;64,3493.5;3730.8;3210.3;3186.8;3190.1;3111.9;2904.9;3282.7;3052.9;3280.0;3293.4;3395.6;3529.8;3521.7;3419.3;3517.3;3387.4;3355.9;3202.3;3314.3;3174.4;3188.3;3159.9;3253.3,0.000236994,0.0143309,28.0,21.0,heart
